Community;Site;Patch;Grasses;Trees;Shrubs;Plant_Cov;PlantRich;BG;CB;NAG;PHOS;pH;Carbon;ARIDITY;Cow;Sheep;Roo;Rabb;Tracks;ACTINO2;AlphaProteo2;BacterialShannons;ASCO2;BASI2;FungalShannons
Blackbox;BLA_001;Grass;1;0;0;5.633;17;2.280871181;0;0;44.38528501;5.74;3.692;0.752;162.5616;0.11028;6.41736004;1.018474158;672.5;1487.755102;68.30791313;6.516337;5011.090465;238.0882981;5.215025
Blackbox;BLA_001;Open;0;0;0;16.560;17;0.676750292;0;0;69.35630582;6.4;4.815;0.752;162.5616;0.11028;6.41736004;1.018474158;672.5;1607.960374;31.17500828;6.526593;7034.625434;87.64568092;4.927428
Blackbox;BLA_001;Shrub;0;0;1;6.051;22;14.54159492;7.098986086;9.901051709;43.23555325;5.83;2.415;0.752;162.5616;0.11028;6.41736004;1.018474158;672.5;1096.306887;57.97611371;6.726941;6871.044412;79.3870118;4.878864
Blackbox;BLA_001;Tree;0;1;0;16.018;10;26.46158403;4.688667031;11.61623719;46.71915561;7.92;4.081;0.752;162.5616;0.11028;6.41736004;1.018474158;672.5;1257.909155;24.81325934;6.461828;7729.315618;67.29095161;4.846868
Blackbox;BLA_002;Grass;1;0;0;4.693;11;0;0;0;52.47031417;5.47;2.411;0.752;147.2256;0;24.12336162;0.34239637;247.5;1026.834031;88.11489455;6.36835;5370.633822;58.37762343;4.772065
Blackbox;BLA_002;Open;0;0;0;1.314;10;32.61090121;6.687475555;10.414864;47.21918893;5.26;1.966;0.752;147.2256;0;24.12336162;0.34239637;247.5;760.2480811;38.46500696;5.495555;7126.876526;21.39679671;4.575007
Blackbox;BLA_002;Shrub;0;0;1;4.561;18;16.66110316;8.419861379;17.71767262;58.06282681;5.66;3.253;0.752;147.2256;0;24.12336162;0.34239637;247.5;1444.684637;56.74852298;6.420735;5850.260147;82.67642214;4.971047
Blackbox;BLA_002;Tree;0;1;0;39.617;4;0;0;0;31.71467058;7.36;5.051;0.752;147.2256;0;24.12336162;0.34239637;247.5;1124.243589;32.73370434;6.456587;7486.904929;49.62195445;4.436115
Blackbox;BLA_009;Grass;1;0;0;6.529;15;27.48990268;0;0;27.35775335;8.51;1.301;0.752;9.2016;0.29555404;3.742353663;0;175;1058.475097;101.3437703;6.704689;8088.492814;29.15802667;4.658058
Blackbox;BLA_009;Open;0;0;0;2.421;14;3.176423487;0;0;32.68579369;8.03;1.1605;0.752;9.2016;0.29555404;3.742353663;0;175;1308.371079;81.29033224;6.454923;8991.091918;1.891170491;2.575039
Blackbox;BLA_009;Shrub;0;0;1;8.326;9;12.78678109;0;0;40.54901978;7.37;2.474;0.752;9.2016;0.29555404;3.742353663;0;175;1247.744697;76.56242207;6.613745;7428.770557;72.92636038;4.235125
Blackbox;BLA_019;Grass;1;0;0;2.089;8;23.12198151;0;2.417930694;68.59714114;7.08;2.767;0.774;36.8064;0;8.369223564;0.199778;50;1368.432213;75.02836929;6.467153;5057.489204;532.4760961;4.808578
Blackbox;BLA_019;Open;0;0;0;4.017;6;5.639005535;0;20.53662;38.59097804;5.75;3.14;0.774;36.8064;0;8.369223564;0.199778;50;1807.341945;80.13730488;6.393753;6754.362804;105.4875275;4.627279
Blackbox;BLA_019;Shrub;0;0;1;26.667;2;17.45371395;0;0;47.16115414;6.39;3.617;0.774;36.8064;0;8.369223564;0.199778;50;1593.720513;98.99885772;6.461332;6260.289103;100.0288524;4.855849
Blackbox;BLA_019;Tree;0;1;0;0.550;4;15.63727296;0;30.25088544;40.36081429;6.02;5.777;0.774;36.8064;0;8.369223564;0.199778;50;1682.650381;93.27572602;6.498694;6270.946209;141.8569538;4.718332
Blackbox;BLA_035;Grass;1;0;0;3.287;13;11.43053649;0.943016734;2.868073885;57.87441143;6.45;3.878;0.71900001;25.56;0;1.175713386;21.34670003;100;1390.19149;60.72542095;6.628207;6663.777897;123.5874228;4.659632
Blackbox;BLA_035;Open;0;0;0;11.629;6;90.11288931;7.389828402;20.0238241;80.10933099;6.21;2.484;0.71900001;25.56;0;1.175713386;21.34670003;100;1330.875706;56.03411929;6.29388;6726.728747;155.5745523;3.749526
Blackbox;BLA_035;Shrub;0;0;1;7.407;12;26.55301835;5.550649879;10.03627423;47.73674109;6.13;5.944;0.71900001;25.56;0;1.175713386;21.34670003;100;1791.986693;62.37080342;6.463078;5617.24915;128.118408;4.532011
Blackbox;BLA_035;Tree;0;1;0;15.453;6;14.17267896;3.151875121;4.748125247;50.25094767;6.77;7.587;0.71900001;25.56;0;1.175713386;21.34670003;100;1534.541819;53.59056722;6.527106;7141.497422;96.59627946;4.644513
Blackbox;BLA_036;Grass;1;0;0;4.070;19;13.00302376;1.802594232;1.756261081;39.67628703;5.84;1.341;0.73800001;0;0.11028;3.784044238;0.869020917;75;926.2008377;69.89181909;6.603882;6010.964946;276.7902666;4.583914
Blackbox;BLA_036;Open;0;0;0;0.606;13;10.57504781;2.156207623;3.529462594;39.03291435;6;1.336;0.73800001;0;0.11028;3.784044238;0.869020917;75;1073.69527;150.2168653;6.407239;7290.172517;18.56156693;3.973391
Blackbox;BLA_036;Shrub;0;0;1;3.430;19;8.875312383;1.95055761;2.566787673;46.7473498;5.96;2.38;0.73800001;0;0.11028;3.784044238;0.869020917;75;1196.272551;85.4391098;6.626162;6784.429631;135.9634269;4.404929
Blackbox;BLA_036;Tree;0;1;0;5.357;10;15.05936382;1.293561667;0;41.53422474;7.22;5.087;0.73800001;0;0.11028;3.784044238;0.869020917;75;1467.12387;17.80784475;6.402248;8017.726933;14.10264858;4.064135
Blackbox;BLA_043;Grass;1;0;0;2.583;7;12.34881521;0;0;51.14472668;7.4;2.45;0.73800001;0;2.525412;14.49690515;1.611306218;117.5;1352.394757;104.1096623;6.375407;6351.929812;192.1710226;4.630007
Blackbox;BLA_043;Open;0;0;0;1.333;7;4.958081231;0;0;49.58721314;8.07;2.467;0.73800001;0;2.525412;14.49690515;1.611306218;117.5;1503.465826;83.17966607;6.3191;6703.874869;74.99391773;4.908228
Blackbox;BLA_043;Shrub;0;0;1;2.778;8;5.471095212;0;15.15370181;35.70855627;6.46;2.447;0.73800001;0;2.525412;14.49690515;1.611306218;117.5;1328.819128;77.14772116;6.2801;6267.900397;227.0892629;4.266298
Blackbox;BLA_043;Tree;0;1;0;1.167;8;18.40224878;0;0;44.78540309;7.09;4.929;0.73800001;0;2.525412;14.49690515;1.611306218;117.5;1665.02395;48.35974156;6.493338;1661.433575;3001.060918;3.464302
Blackbox;BLA_044;Grass;1;0;0;2.200;4;22.39860313;16.79988565;20.4233977;12.66991068;6.47;6.372;0.71399999;0;1.146912;16.29905493;6.994018686;7.5;1235.987595;50.31906003;6.547387;3286.221641;1558.421498;4.063078
Blackbox;BLA_044;Open;0;0;0;1.017;7;6.545000177;0;0;43.82269247;6.32;4.398;0.71399999;0;1.146912;16.29905493;6.994018686;7.5;1447.174634;72.22496049;6.509748;3110.568096;1701.260036;4.127846
Blackbox;BLA_044;Shrub;0;0;1;27.111;6;35.25632337;1.239809867;3.09096185;58.35104018;7.33;6.381;0.71399999;0;1.146912;16.29905493;6.994018686;7.5;1561.89289;55.39806614;6.558797;2422.947606;2016.073474;4.317852
Blackbox;BLA_044;Tree;0;1;0;0.550;6;121.3005161;152.4252748;0;0;7.11;10.89;0.71399999;0;1.146912;16.29905493;6.994018686;7.5;2191.092421;18.72630218;6.168817;3341.025656;1639.944273;3.910389
Blackbox;BLA_079;Grass;1;0;0;7.327;8;29.7308249;0;0;43.93691419;6.58;3.101;0.61000001;76.68;0;9.108435168;0.122844898;50;1620.136539;66.66809547;6.293399;4430.564406;734.9347107;4.914991
Blackbox;BLA_079;Open;0;0;0;6.904;13;0;0;5.056950126;73.09072415;6.11;2.812;0.61000001;76.68;0;9.108435168;0.122844898;50;2044.523878;40.6260352;6.088144;2658.962589;936.6890264;3.797557
Blackbox;BLA_079;Shrub;0;0;1;7.473;9;15.11398251;0;0;40.56393078;6.35;5.5075;0.61000001;76.68;0;9.108435168;0.122844898;50;2374.115384;19.587288;6.176404;5268.231504;457.6394214;4.978539
Blackbox;BLA_079;Tree;0;1;0;10.497;10;42.95190837;0;0;56.23696143;7.16;4.979;0.61000001;76.68;0;9.108435168;0.122844898;50;1953.294651;25.19059567;6.158601;4829.638465;117.8817275;4.536393
Blackbox;BLA_090;Grass;1;0;0;5.859;17;46.54613398;11.58347455;4.524826871;78.21874576;7.29;3.398;0.59999999;26.5824;0.545940594;2.918536158;0.04569637;40;1359.670481;35.13947947;6.430828;5936.636924;355.823996;4.228079
Blackbox;BLA_090;Open;0;0;0;3.250;18;45.84676713;3.373021316;1.72644819;41.54476814;7.31;2.758;0.59999999;26.5824;0.545940594;2.918536158;0.04569637;40;1806.865879;84.25829181;6.498668;2829.214822;1731.939674;3.988241
Blackbox;BLA_090;Shrub;0;0;1;4.034;15;58.75464015;5.189175264;0;45.40917104;8.33;4.148;0.59999999;26.5824;0.545940594;2.918536158;0.04569637;40;1879.157169;46.52546595;6.530531;5491.111435;479.0745752;4.446185
Blackbox;BLA_090;Tree;0;1;0;10.096;8;22.19677825;0;0;33.73943971;8.23;7.268;0.59999999;26.5824;0.545940594;2.918536158;0.04569637;40;1429.597162;44.47674507;6.572901;6587.846949;155.5745523;5.008542
Blackbox;BLA_091;Grass;1;0;0;5.721;15;48.79478063;0;0;65.50628254;7.38;7.0505;0.59999999;13.2912;0.163782178;16.34505663;0;0;1977.151195;38.84738199;6.310892;5459.090249;426.3072284;4.842624
Blackbox;BLA_091;Open;0;0;0;2.583;15;16.37407587;0;0;42.50181818;6.53;6.206;0.59999999;13.2912;0.163782178;16.34505663;0;0;1572.021747;55.98673576;6.482954;6043.815768;328.7847619;4.905943
Blackbox;BLA_091;Shrub;0;0;1;3.217;13;17.3121605;0;0;20.94767175;6.86;7.663;0.59999999;13.2912;0.163782178;16.34505663;0;0;1548.865159;46.02092391;6.48412;3713.864222;1055.304763;3.985434
Blackbox;BLA_091;Tree;0;1;0;3.361;15;20.8427685;0;2.148689257;70.1179653;7.88;7.434;0.59999999;13.2912;0.163782178;16.34505663;0;0;1606.453876;64.97807979;6.526779;4461.985613;828.4609478;4.195576
Blackbox;BLA_092;Grass;1;0;0;8.858;9;4.381637665;0;25.7287004;53.80872225;6.7;6.325;0.59999999;110.4192;0.09153604;24.73475806;0;142.5;1573.595474;48.82483534;6.532598;4552.372261;733.6317507;4.792032
Blackbox;BLA_092;Open;0;0;0;6.889;9;10.66360087;0;0;62.69528063;7.44;4.648;0.59999999;110.4192;0.09153604;24.73475806;0;142.5;1832.283873;42.85012437;6.361825;4835.655247;521.6579563;4.885343
Blackbox;BLA_092;Shrub;0;0;1;25.544;10;47.29872686;11.77351602;19.48747166;52.8396817;7.57;6.68;0.59999999;110.4192;0.09153604;24.73475806;0;142.5;1732.085799;53.81652916;6.445731;3860.031683;1149.150341;4.687245
Blackbox;BLA_092;Tree;0;1;0;1.508;10;0;0;123.8455628;0;6.98;11.59;0.59999999;110.4192;0.09153604;24.73475806;0;142.5;2109.203343;23.72046366;6.269072;5501.092679;528.0471189;4.394043
Blackbox;BLA_110;Grass;1;0;0;8.953;10;1.996625272;0;0;48.8784419;8;2.283;0.65000001;0;13.658178;19.46616685;0;0;1079.662264;76.26705008;6.484009;3798.143639;761.236676;4.510791
Blackbox;BLA_110;Open;0;0;0;17.229;9;2.485570894;0;0;32.71389452;7.88;1.679;0.65000001;0;13.658178;19.46616685;0;0;1065.288596;57.62871806;5.846823;5538.245223;445.7850406;3.864606
Blackbox;BLA_110;Shrub;0;0;1;7.316;8;0;0;0;35.68774086;7.31;1.818;0.65000001;0;13.658178;19.46616685;0;0;1229.352504;88.73395747;6.542544;4746.459309;562.1712369;4.720068
Blackbox;BLA_110;Tree;0;1;0;12.713;11;0;0;0;31.26926795;8.27;2.616;0.65000001;0;13.658178;19.46616685;0;0;1284.648387;54.31354895;6.56635;5927.008245;270.9021268;4.996031
Blackbox;BLA_112;Grass;1;0;0;3.228;18;0;0;0;5.152830306;9.61;1.6;0.625;0;3.907897366;16.3111065;0;355;1051.449947;78.01343218;6.489249;7350.236324;21.35233584;4.23372
Blackbox;BLA_112;Open;0;0;0;5.707;13;40.66202812;0;0;34.08289753;9.15;2.178;0.625;0;3.907897366;16.3111065;0;355;1331.068174;107.4161631;6.49851;6115.048985;18.60302212;3.545927
Blackbox;BLA_112;Shrub;0;0;1;9.064;13;0;0;0;28.71879279;7.69;2.874;0.625;0;3.907897366;16.3111065;0;355;1258.439698;83.39735203;6.374254;4361.701533;375.4989342;4.311239
Blackbox;BLA_112;Tree;0;1;0;7.137;13;2.40172238;0;0;35.71692646;9.21;3.088;0.625;0;3.907897366;16.3111065;0;355;1579.686539;55.45424554;6.428985;7062.884209;93.13080595;4.810656
Blackbox;BLA_154;Grass;1;0;0;5.304;13;17.58480281;1.774684408;6.403050524;70.39610399;6.47;4.245;0.61;0;0;18.22431683;0;0;1905.954506;21.90207359;6.316986;5391.797471;35.09296248;4.503055
Blackbox;BLA_154;Open;0;0;0;4.226;10;0;0;0;45.45092833;6.71;4.364;0.61;0;0;18.22431683;0;0;1110.695198;105.7113455;6.375967;4023.03728;1067.209546;4.188851
Blackbox;BLA_154;Shrub;0;0;1;5.604;11;27.63846475;0.099519077;7.635767004;108.3079583;7.59;4.946;0.61;0;0;18.22431683;0;0;1461.243426;30.88421772;6.625208;5654.068086;270.7438665;4.707125
Blackbox;BLA_154;Tree;0;1;0;15.853;5;316.6080267;50.29158663;51.8925574;134.6129865;7.77;8.149;0.61;0;0;18.22431683;0;0;1944.049715;33.57584904;6.620762;3856.447624;983.4679363;4.739657
Blackbox;BLA_155;Grass;1;0;0;4.983;16;11.10125956;0;0;32.36430998;7.91;1.469;0.607;0;0.676966337;8.289124752;0;645;797.9917497;62.81994094;6.558762;5806.94271;189.6464177;4.500762
Blackbox;BLA_155;Open;0;0;0;4.286;13;0;0;0;17.43163035;8.24;1.409;0.607;0;0.676966337;8.289124752;0;645;1121.582367;96.31687399;6.533506;6978.277821;21.70931751;3.827816
Blackbox;BLA_155;Shrub;0;0;1;3.126;16;7.952634251;0;0;37.5600563;8.43;2.161;0.607;0;0.676966337;8.289124752;0;645;993.0717029;105.2324733;6.642018;8572.959477;6.132154303;3.119807
Blackbox;BLA_155;Tree;0;1;0;10.235;12;7.38620821;0;0;41.66775224;8.04;3.469;0.607;0;0.676966337;8.289124752;0;645;1149.773851;71.83618676;6.550911;5331.239693;148.460814;4.852835
Blackbox;BLA_156;Grass;1;0;0;7.522;12;0.040713118;0;0;33.09337436;8.8;2.211;0.65;0;0;6.819421782;0.156673267;114;1211.309747;94.9132143;6.627418;3521.269954;1048.443039;4.158219
Blackbox;BLA_156;Open;0;0;0;4.157;12;5.160174579;0;0;29.94113827;7.2;1.636;0.65;0;0;6.819421782;0.156673267;114;1546.371286;76.68959791;6.676753;6903.766475;97.16421325;4.529288
Blackbox;BLA_156;Shrub;0;0;1;8.668;15;0;0;0;27.72258919;7.99;2.472;0.65;0;0;6.819421782;0.156673267;114;1635.739608;92.9647149;6.368122;5298.988711;114.7701606;5.042189
Blackbox;BLA_156;Tree;0;1;0;17.739;6;0;0;0;27.16608188;8.84;2.668;0.65;0;0;6.819421782;0.156673267;114;1250.784076;71.75414679;6.549958;7268.839441;115.3891446;3.698433
Blackbox;BLA_200;Grass;1;0;0;8.077;17;20.46487217;0;5.488403413;39.87381087;8.11;1.752;0.607;15.336;3.983874099;8.189821822;0;90;1545.532754;52.9954604;6.421653;5604.282947;103.8151008;4.558647
Blackbox;BLA_200;Shrub;0;0;1;11.662;14;0.321509401;0;0;36.85547286;6.86;3.623;0.607;15.336;3.983874099;8.189821822;0;90;1274.693701;69.52848061;6.477706;5991.595176;118.2997475;4.532685
Blackbox;BLA_200;Tree;0;1;0;10.326;13;0;0;0;12.88956397;8.33;3.673;0.607;15.336;3.983874099;8.189821822;0;90;1290.217248;94.78889894;6.570151;5543.256075;322.7099466;4.434086
Cypress;CYP_014;Grass;1;0;0;3.354;17;13.06560898;5.080660221;2.249136134;47.28409464;7.53;1.789;0.781323877;0;15.50651448;21.04296218;1.47361;0;1071.613659;29.14748208;6.530602;5515.367322;343.9520435;4.376879
Cypress;CYP_014;Open;0;0;0;2.677;23;9.865786006;2.202095454;5.120031167;31.0250936;7.94;0.7544;0.781323877;0;15.50651448;21.04296218;1.47361;0;716.813271;74.50820156;6.064702;4397.340881;658.0629862;3.284347
Cypress;CYP_014;Shrub;0;0;1;2.939;26;8.862736162;3.649048698;0.299089512;41.90035571;7.61;1.362;0.781323877;0;15.50651448;21.04296218;1.47361;0;862.1571047;77.50380275;6.725244;4340.767679;667.9678402;4.665918
Cypress;CYP_014;Tree;0;1;0;2.329;23;11.52033666;0;4.021029409;41.36693123;7.6;1.492;0.781323877;0;15.50651448;21.04296218;1.47361;0;980.1779603;81.66686022;6.656513;4111.351955;987.3924457;3.94079
Cypress;CYP_015;Grass;1;0;0;2.654;12;9.448105651;0;6.424559476;29.94963579;6.93;0.9694;0.781323877;0;67.3378597;2.171731089;1.4835;504.9;905.2567979;73.03240585;6.277433;5432.123059;438.1027211;4.523522
Cypress;CYP_015;Open;0;0;0;1.477;9;6.185603709;3.129279228;1.511929297;36.86257779;6.18;0.6221;0.781323877;0;67.3378597;2.171731089;1.4835;504.9;586.5045386;85.87588528;6.2824;7313.181558;79.81601405;3.76033
Cypress;CYP_015;Shrub;0;0;1;1.971;17;15.2042378;13.35289112;7.058025827;33.85240009;7.27;1.035;0.781323877;0;67.3378597;2.171731089;1.4835;504.9;877.3962645;96.3936252;6.376872;1913.352578;2880.081866;2.65656
Cypress;CYP_015;Tree;0;1;0;1.700;24;17.27250881;0;7.96493668;32.52613665;6.53;1.175;0.781323877;0;67.3378597;2.171731089;1.4835;504.9;774.3366411;52.5733424;6.512261;5677.956194;168.9237476;4.334939
Cypress;CYP_018;Grass;1;0;0;3.426;11;11.71839097;3.326564914;0.296450125;44.01903036;7.69;1.081;0.747111682;0;12.06248463;26.14185168;0.882984422;842.5;1097.125164;134.2708931;6.761839;7057.227923;93.59541389;4.861317
Cypress;CYP_018;Open;0;0;0;0.508;13;5.835975463;2.711863843;2.429798138;36.78700514;8.33;0.8916;0.747111682;0;12.06248463;26.14185168;0.882984422;842.5;1355.584829;110.9282181;6.585744;5815.739996;419.3859689;3.952868
Cypress;CYP_018;Shrub;0;0;1;1.257;9;290.0690705;4.844701537;2.151143798;41.92858538;6.52;1.356;0.747111682;0;12.06248463;26.14185168;0.882984422;842.5;1193.909731;105.6482247;6.654208;5284.297968;308.3615032;5.147711
Cypress;CYP_018;Tree;0;1;0;0.352;19;12.98613806;1.234011064;6.788902924;27.96158132;7.89;1.103;0.747111682;0;12.06248463;26.14185168;0.882984422;842.5;1131.44516;116.0791185;6.718007;5836.292892;120.5064907;4.338222
Cypress;CYP_019;Grass;1;0;0;1.028;15;24.12687651;5.057267403;3.144800091;45.84895959;7.24;1.703;0.747111682;0;15.24211545;18.79627624;1.274830792;205;1224.734461;97.17998516;6.613756;3746.756105;1203.569815;3.800352
Cypress;CYP_019;Open;0;0;0;1.017;13;3.500674327;0.272723334;3.593869762;44.82861381;7.23;0.9504;0.747111682;0;15.24211545;18.79627624;1.274830792;205;1252.773262;101.5803732;6.618176;8051.345103;31.43371543;3.75185
Cypress;CYP_019;Shrub;0;0;1;1.192;19;15.23876138;7.793406365;4.494033318;55.02487722;8.17;1.846;0.747111682;0;15.24211545;18.79627624;1.274830792;205;1300.558647;96.52206048;6.687074;4271.980387;982.2619671;4.114976
Cypress;CYP_019;Tree;0;1;0;0.966;22;4.597859048;0;0;45.7479826;7.89;3.102;0.747111682;0;15.24211545;18.79627624;1.274830792;205;1312.57168;88.95525349;6.600876;4350.276825;1059.369938;3.457754
Cypress;CYP_026;Grass;1;0;0;3.259;16;13.42705554;0;0;65.66402638;5.94;2.039;0.701828411;0;11.44293305;41.45517683;0;152.5;1160.804983;59.46766959;6.577284;3121.841665;255.7661735;4.030543
Cypress;CYP_026;Open;0;0;0;1.620;13;32.88640278;3.80578516;10.16211593;53.96095492;5.8;1.052;0.701828411;0;11.44293305;41.45517683;0;152.5;1440.330976;80.9196976;6.387269;7771.647078;77.25934095;2.899684
Cypress;CYP_026;Shrub;0;0;1;2.937;19;35.98874289;4.348345627;8.789553519;40.87920592;7.3;3.229;0.701828411;0;11.44293305;41.45517683;0;152.5;1510.443472;42.57313158;6.532381;6220.78492;282.2568027;4.250972
Cypress;CYP_026;Tree;0;1;0;3.537;14;0;2.927419346;7.133751959;29.50894493;6.44;2.473;0.701828411;0;11.44293305;41.45517683;0;152.5;1320.017854;80.98470006;6.582841;2979.499942;1838.796009;3.98622
Cypress;CYP_027;Grass;1;0;0;3.440;16;20.25064018;6.448145735;11.68233398;40.84644278;5.84;2.13;0.701828411;0;17.52523901;21.55221426;0;108.5;1277.489442;66.10750132;6.669836;3893.563174;1134.851098;4.370393
Cypress;CYP_027;Shrub;0;0;1;3.697;17;41.43553019;4.046223294;5.769811555;41.10610097;6.49;3.741;0.701828411;0;17.52523901;21.55221426;0;108.5;1391.508432;55.78438768;6.690299;4593.341942;835.9513896;4.504177
Cypress;CYP_027;Tree;0;1;0;4.472;15;103.44035;14.70189984;9.484547638;38.64262234;6.47;2.979;0.701828411;0;17.52523901;21.55221426;0;108.5;1342.106938;65.00167291;6.579304;6463.550742;292.8563143;3.99302
Cypress;CYP_029;Grass;1;0;0;7.839;12;10.34925259;5.514096871;6.848729156;15.99873412;6.22;2.268;0.711592179;0;0;49.8555581;5.867381221;0;1027.556288;133.9579183;6.721186;4356.622035;915.3265175;4.236978
Cypress;CYP_029;Open;0;0;0;2.023;10;5.99825139;2.872079819;3.253464846;43.52416677;6.13;1.544;0.711592179;0;0;49.8555581;5.867381221;0;1381.159406;104.8870366;6.637352;4475.485832;889.9020242;3.465226
Cypress;CYP_029;Shrub;0;0;1;4.036;14;14.02069738;1.953040319;4.687539133;37.6180773;5.91;1.861;0.711592179;0;0;49.8555581;5.867381221;0;1226.716935;114.579396;6.650384;4579.014215;644.0764029;4.646775
Cypress;CYP_029;Tree;0;1;0;5.426;12;17.32920512;5.935993062;9.250720227;20.52488484;6.11;1.968;0.711592179;0;0;49.8555581;5.867381221;0;1224.278186;108.0865724;6.706009;3013.190133;1817.824839;3.454016
Cypress;CYP_031;Grass;1;0;0;7.117;11;7.310603924;4.462680233;5.679021782;33.1867524;5.73;1.715;0.711111111;0;0.090990099;50.30656095;1.352168634;85;977.4837419;84.59558192;6.457026;6187.455965;122.7336262;4.206405
Cypress;CYP_031;Open;0;0;0;7.050;12;16.57080551;3.360893232;6.304895706;48.40528558;5.73;0.7453;0.711111111;0;0.090990099;50.30656095;1.352168634;85;1215.221459;108.623092;6.344096;7789.460763;64.55821534;2.892303
Cypress;CYP_031;Shrub;0;0;1;4.016;19;17.34963718;1.618628616;6.541919256;48.86031944;5.75;1.066;0.711111111;0;0.090990099;50.30656095;1.352168634;85;1081.736953;116.4032919;6.529658;7408.890932;64.17244856;4.253006
Cypress;CYP_031;Tree;0;1;0;1.872;17;21.10027218;8.634908203;10.19757651;41.8621712;6.33;1.802;0.711111111;0;0.090990099;50.30656095;1.352168634;85;1263.249768;90.02950609;6.575331;6938.969307;227.9596138;3.791253
Cypress;CYP_032;Grass;1;0;0;6.561;19;11.72678204;5.076319528;2.776971498;61.50121397;5.78;0.94235;0.711111111;0;0;46.34816095;0.694278;87.5;1050.268489;51.48391086;6.587516;5847.318285;123.1601546;4.893986
Cypress;CYP_032;Open;0;0;0;6.252;18;0;0;0;32.17009296;5.84;0.8449;0.711111111;0;0;46.34816095;0.694278;87.5;1216.873986;71.04639253;6.494268;7919.005896;76.16437368;2.698623
Cypress;CYP_032;Shrub;0;0;1;6.660;20;13.42314475;6.173697524;8.598139669;34.58855277;6.03;1.06;0.711111111;0;0;46.34816095;0.694278;87.5;1191.380024;70.67078432;6.552529;6267.139059;192.5711704;4.924833
Cypress;CYP_032;Tree;0;1;0;13.819;13;29.90114179;3.996623894;10.97264626;40.74534802;5.98;1.668;0.711111111;0;0;46.34816095;0.694278;87.5;1017.271081;36.73714211;6.460956;4008.41139;1100.451499;4.070015
Cypress;CYP_053;Grass;1;0;0;2.078;16;8.542580323;1.97299829;2.782583146;39.6101622;5.43;1.816;0.636781609;57.2544;0;53.29231152;5.448835116;2190;1071.890515;119.5204657;6.386246;2551.471548;2225.487543;3.613985
Cypress;CYP_053;Open;0;0;0;2.574;17;38.93511595;3.148021013;6.342996473;46.89412206;5.2;1.218;0.636781609;57.2544;0;53.29231152;5.448835116;2190;1085.712685;179.6753831;6.255649;5671.436262;194.5781518;4.135901
Cypress;CYP_053;Shrub;0;0;1;4.324;25;12.13378064;4.702047389;0;55.14634821;5.66;1.818;0.636781609;57.2544;0;53.29231152;5.448835116;2190;1113.849523;73.59996129;6.54645;8043.580821;60.30365975;3.559474
Cypress;CYP_053;Tree;0;1;0;3.245;19;3.519481204;1.008252105;1.433289328;31.26778287;5.76;2.348;0.636781609;57.2544;0;53.29231152;5.448835116;2190;1141.404568;100.8807292;6.610195;5141.269934;491.3607558;4.157052
Cypress;CYP_064;Grass;1;0;0;2.090;20;10.61392175;0.342987207;1.18084433;50.89517407;5.92;2.469;0.636781609;84.8592;0;62.98510059;0.45494;782.5;1233.292131;85.68325997;6.69984;6705.44975;86.21109553;4.406627
Cypress;CYP_064;Open;0;0;0;0.633;15;4.168275559;2.971587997;2.151522917;43.1689509;5.63;2.245;0.636781609;84.8592;0;62.98510059;0.45494;782.5;1193.034929;71.2789658;6.688176;2977.400594;1506.844792;4.482679
Cypress;CYP_064;Shrub;0;0;1;2.304;17;10.96561238;0;0.841610354;48.43516334;5.84;2.258;0.636781609;84.8592;0;62.98510059;0.45494;782.5;1170.512806;113.4189033;6.683854;5840.701801;316.0075927;4.116703
Cypress;CYP_064;Tree;0;1;0;2.959;18;20.58049986;1.296163566;2.614867548;43.29542014;6.01;2.255;0.636781609;84.8592;0;62.98510059;0.45494;782.5;1175.436148;116.4919127;6.748244;5191.037247;432.0848981;4.436156
Cypress;CYP_067;Grass;1;0;0;3.207;16;8.493387058;5.18017141;6.971787252;38.7606564;5.91;1.848;0.691796009;9.2016;0;46.67066277;1.80494132;440;1331.440543;40.5910571;6.637024;7356.008815;72.68019562;4.00112
Cypress;CYP_067;Open;0;0;0;1.214;11;39.4231603;4.678194931;19.605136;12.07394277;5.61;0.752;0.691796009;9.2016;0;46.67066277;1.80494132;440;910.6278501;136.8704708;6.478852;6293.813381;85.49824198;4.098926
Cypress;CYP_067;Shrub;0;0;1;1.480;16;10.70316613;3.558203086;5.74641457;44.49532742;5.96;2.06;0.691796009;9.2016;0;46.67066277;1.80494132;440;1876.990697;53.97348945;6.462493;3941.113109;1091.21943;4.37436
Cypress;CYP_067;Tree;0;1;0;3.272;18;7.187935503;2.623197899;3.857360843;41.26711556;6.02;1.213;0.691796009;9.2016;0;46.67066277;1.80494132;440;1310.78689;58.64188506;6.551241;6348.098154;241.9620116;4.310029
Cypress;CYP_080;Grass;1;0;0;3.166;15;6.134148249;6.530917139;0;60.29165371;5.34;0.9444;0.697725605;102.24;0;38.07520293;20.72754686;0;985.787291;62.59142213;6.578868;4644.320589;704.7484196;4.306708
Cypress;CYP_080;Open;0;0;0;11.308;11;11.77964052;0;29.51746169;102.366759;5.52;1.585;0.697725605;102.24;0;38.07520293;20.72754686;0;1195.183673;51.33191176;6.593754;5100.667084;392.0769408;4.662877
Cypress;CYP_080;Shrub;0;0;1;14.536;14;30.8678051;0;26.31719754;93.7569846;6.06;1.643;0.697725605;102.24;0;38.07520293;20.72754686;0;1120.574045;35.93785133;6.710738;6124.076552;349.1436991;3.452524
Cypress;CYP_080;Tree;0;1;0;8.862;13;10.38934385;0.757536964;16.15107337;68.89916174;5.78;1.964;0.697725605;102.24;0;38.07520293;20.72754686;0;1091.319117;42.79918526;6.583402;7994.494016;56.12204957;4.272661
Cypress;CYP_108;Grass;1;0;0;2.147;13;2.91332828;0;0;52.03384769;5.6;1.267;0.636781609;307.7424;0.03639604;17.10930218;4.553356;427.5;989.0646877;104.9461254;6.498225;5315.101971;422.3452868;4.051437
Cypress;CYP_108;Open;0;0;0;0.478;12;3.272160767;1.682160894;2.493496446;34.47500074;5.49;0.8913;0.636781609;307.7424;0.03639604;17.10930218;4.553356;427.5;756.5129292;83.49891008;6.184098;5774.742964;263.8261907;3.679445
Cypress;CYP_108;Shrub;0;0;1;1.202;13;23.4764296;1.938007794;2.726497429;42.6493825;5.55;1.179;0.636781609;307.7424;0.03639604;17.10930218;4.553356;427.5;976.5997631;128.3738275;6.43125;5491.111435;305.8336152;4.798092
Cypress;CYP_108;Tree;0;1;0;3.477;23;26.11689887;3.805701621;6.026159866;44.36648228;5.89;1.57;0.636781609;307.7424;0.03639604;17.10930218;4.553356;427.5;1104.851343;65.20895572;6.645944;5654.068086;268.0605158;4.168769
Cypress;CYP_152;Grass;1;0;0;5.861;15;8.323881952;3.383482627;3.370121169;38.62098937;5.92;0.9962;0.728;0;0;7.544475248;7.05029703;0;1034.790678;142.4710043;6.63158;5222.95853;551.7314652;3.448183
Cypress;CYP_152;Open;0;0;0;5.727;12;0;0;0;37.89780607;6.05;0.6996;0.728;0;0;7.544475248;7.05029703;0;1096.854149;97.39373456;6.330379;9119.207644;0.311110447;1.486785
Cypress;CYP_152;Shrub;0;0;1;9.221;15;7.234579637;4.746595996;4.618380888;34.16738415;6.46;0.9427;0.728;0;0;7.544475248;7.05029703;0;1398.017404;110.882977;6.60145;4832.980659;778.3126073;3.934157
Cypress;CYP_152;Tree;0;1;0;6.680;19;13.6686695;0.329944034;1.994845896;34.43766988;6.5;1.788;0.728;0;0;7.544475248;7.05029703;0;1222.048334;127.4352076;6.689571;1454.668476;2483.438588;2.956378
Cypress;CYP_153;Grass;1;0;0;4.137;17;19.5096894;10.74826661;10.43546115;35.81144575;5.36;1.552;0.696;0;0;16.36269307;0.95309571;0;1401.184118;96.95462336;6.436501;6336.610119;83.28964913;4.554661
Cypress;CYP_153;Open;0;0;0;2.335;14;17.04543286;8.098680431;8.538890102;36.5478179;5.11;1.215;0.696;0;0;16.36269307;0.95309571;0;1066.145295;156.978624;6.219445;4343.936238;535.1423607;4.717218
Cypress;CYP_153;Shrub;0;0;1;3.644;17;10.71258161;8.344917344;6.612315646;21.28212613;5.4;1.616;0.696;0;0;16.36269307;0.95309571;0;1427.512678;59.0923532;6.491717;5408.758354;408.8185717;4.019706
Cypress;CYP_153;Tree;0;1;0;8.018;17;22.91648621;6.652880035;7.616260045;54.64234156;5.86;1.454;0.696;0;0;16.36269307;0.95309571;0;1344.190572;45.48707227;6.591344;4232.473129;945.8353174;3.710807
Cypress;CYP_154;Grass;1;0;0;3.571;15;5.154183236;0;0;54.47213195;7.1;1.778;0.781;0;2.227437624;36.8601505;0;0;1079.450032;112.4877954;6.478369;1929.370881;2526.757758;3.834545
Cypress;CYP_154;Open;0;0;0;4.234;13;6.259329079;4.170115232;5.02177645;33.70712133;8.05;1.177;0.781;0;2.227437624;36.8601505;0;0;1268.45666;68.93559395;6.522968;5927.008245;217.9091002;4.41837
Cypress;CYP_154;Shrub;0;0;1;2.451;19;6.843587223;2.98698473;2.269654132;40.08793162;7.38;2.543;0.781;0;2.227437624;36.8601505;0;0;1033.812054;39.31024992;6.584416;6007.982947;118.090645;4.584088
Cypress;CYP_154;Tree;0;1;0;2.594;16;0;0;3.732208657;26.57355855;7.75;2.783;0.781;0;2.227437624;36.8601505;0;0;1134.572841;55.96465192;6.528721;3513.285217;1503.859833;4.010747
Cypress;CYP_155;Grass;1;0;0;3.166;16;13.84962329;0.046434359;4.940021813;30.40750035;7.82;1.748;0.747;0;20.72390495;7.760031683;0;0;1153.302143;85.4286897;6.503914;3817.132844;1042.535015;4.346363
Cypress;CYP_155;Open;0;0;0;2.393;18;22.0658519;2.877909458;2.004299282;48.9444497;7.28;1.339;0.747;0;20.72390495;7.760031683;0;0;1220.369726;54.93900478;6.567371;4172.003325;725.5792015;3.52859
Cypress;CYP_155;Shrub;0;0;1;3.775;15;2.588054506;0;0.669077166;24.96755662;8.25;1.128;0.747;0;20.72390495;7.760031683;0;0;1277.494699;72.21966152;6.530417;6825.681915;166.8056024;3.382777
Cypress;CYP_155;Tree;0;1;0;2.723;19;20.15433221;10.16401337;5.980308134;48.19198075;7.36;1.7645;0.747;0;20.72390495;7.760031683;0;0;1122.67033;40.7454034;6.632514;5691.007296;448.6322006;4.076686
Redgum;RRG_015;Grass;1;0;0;3.400;5;10.83505915;0.742049569;15.86599517;69.10450781;5.8;8.093;0.69999999;73.6128;0;4.75022697;0;195;1427.018569;74.88705044;6.658469;814.4043092;4574.460086;2.472166
Redgum;RRG_015;Open;0;0;0;6.289;11;8.919440995;0;0;61.48578237;5.89;4.781;0.69999999;73.6128;0;4.75022697;0;195;1406.867134;84.14260753;6.711049;3445.216397;869.9337091;4.78337
Redgum;RRG_015;Shrub;0;0;1;8.976;9;12.88470579;0;0;70.13121578;5.95;5.726;0.69999999;73.6128;0;4.75022697;0;195;1310.00273;71.96214031;6.741711;4712.729744;525.8395665;4.959402
Redgum;RRG_015;Tree;0;1;0;3.929;11;21.16240455;7.453525392;16.39909727;62.62151033;6;6.3655;0.69999999;73.6128;0;4.75022697;0;195;1311.478374;77.15310937;6.694933;3995.027722;1026.142967;4.53881
Redgum;RRG_016;Grass;1;0;0;5.706;15;12.50713795;7.439258227;6.827179077;40.76450946;6.18;3.217;0.69999999;130.8672;0;12.01937786;0;0;1684.546982;73.89588554;6.597208;2501.683218;2168.691945;3.966621
Redgum;RRG_016;Open;0;0;0;8.706;16;26.10412278;1.800978388;6.416211923;45.25921806;5.8;2.45;0.69999999;130.8672;0;12.01937786;0;0;1446.322305;116.7063998;6.558178;1058.118282;3845.705435;3.812198
Redgum;RRG_016;Shrub;0;0;1;11.520;15;17.62348856;1.065354619;4.740015968;37.38476436;5.8;1.861;0.69999999;130.8672;0;12.01937786;0;0;1412.472534;127.3455709;6.604632;6408.003655;143.5802458;4.576231
Redgum;RRG_016;Tree;0;1;0;6.857;7;19.52968598;16.08726552;20.92674891;40.93058485;6.06;3.696;0.69999999;130.8672;0;12.01937786;0;0;1384.936873;65.215655;6.651889;4507.711288;901.1255139;3.970489
Redgum;RRG_029;Grass;1;0;0;5.048;19;13.32037602;4.978465765;8.637065168;46.47548431;5.65;5.577;0.699;46.008;0;11.85379133;0;0;1185.981418;56.17273108;6.655946;5339.669084;451.8971956;4.390587
Redgum;RRG_029;Open;0;0;0;7.945;15;23.08122722;12.05964801;11.62537383;43.34236399;5.64;4.079;0.699;46.008;0;11.85379133;0;0;1238.992231;124.2630073;6.595695;4284.560754;544.3023392;4.361893
Redgum;RRG_029;Shrub;0;0;1;7.594;15;2.051174547;2.323015361;0;43.28286438;6.25;5.1325;0.699;46.008;0;11.85379133;0;0;1341.895768;104.4235292;6.683765;6620.670858;115.1826316;4.235685
Redgum;RRG_029;Tree;0;1;0;9.276;13;22.72513881;8.502716494;11.57534628;28.29406715;5.66;9.69;0.699;46.008;0;11.85379133;0;0;1666.881205;103.8768281;6.564598;2027.3159;2765.636133;2.828156
Redgum;RRG_030 ;Grass;1;0;0;6.297;14;15.04602217;0.14745263;8.196930352;46.66958574;5.61;8.557;0.699;0;0;40.049112;0.53406;0;1590.249642;85.16098994;6.492487;3837.360757;739.6349385;4.690607
Redgum;RRG_030 ;Open;0;0;0;3.330;15;26.16356116;7.281367247;11.96546722;49.54667796;5.84;8.407;0.699;0;0;40.049112;0.53406;0;1687.288718;90.97466562;6.551619;5060.2252;259.4706444;5.052909
Redgum;RRG_030 ;Shrub;0;0;1;6.553;17;15.95845262;9.567340214;10.1692545;43.88321785;5.63;6.895;0.699;0;0;40.049112;0.53406;0;1558.580703;83.42980986;6.465638;1895.307131;2635.706829;3.189193
Redgum;RRG_030 ;Tree;0;1;0;3.296;15;47.79990794;0;27.98745149;72.49848674;5.84;7.388;0.699;0;0;40.049112;0.53406;0;1921.651264;86.1442013;6.28895;3148.225962;1223.334461;4.505289
Redgum;RRG_031;Grass;1;0;0;7.254;9;35.46023225;8.707037951;12.91384732;46.10163283;5.74;11.76;0.699;0;0;23.39884705;0;0;1412.58683;111.3445388;6.442016;2482.001066;2089.268403;4.101223
Redgum;RRG_031;Open;0;0;0;10.047;10;12.09088717;4.777222437;4.907005632;32.6210617;5.8;8.649;0.699;0;0;23.39884705;0;0;1384.613349;102.8975136;6.530498;4345.837929;782.6111844;4.887137
Redgum;RRG_031;Shrub;0;0;1;11.606;12;30.3444082;0;0;66.81742033;5.7;10.02;0.699;0;0;23.39884705;0;0;1528.545461;120.0108402;6.395161;3026.401807;1380.449236;4.086596
Redgum;RRG_031;Tree;0;1;0;10.156;5;6.811034132;1.363832785;5.698577519;33.03432174;5.85;10.51;0.699;0;0;23.39884705;0;0;1181.057265;83.68171329;6.509959;3565.348011;1191.589103;4.827808
Redgum;RRG_058;Grass;1;0;0;3.989;8;49.77374305;0;11.16272721;78.01930606;6.28;9.575;0.581;3.0672;0;4.254349188;1.07801;72.5;1796.738133;94.60057139;6.16484;4021.207587;910.6772474;4.132763
Redgum;RRG_058;Open;0;0;0;1.556;7;10.39193758;15.53296816;10.09512938;42.48940198;5.13;8.007;0.581;3.0672;0;4.254349188;1.07801;72.5;1431.548282;121.6828593;6.209964;1872.350366;2525.791041;4.568651
Redgum;RRG_058;Shrub;0;0;1;3.219;5;0;0;6.497301349;76.79550655;6.41;6.4315;0.581;3.0672;0;4.254349188;1.07801;72.5;1702.246026;111.5539821;6.053271;2074.349806;1731.53948;4.251833
Redgum;RRG_058;Tree;0;1;0;1.667;6;0;0;0;90.95729695;7.05;9.357;0.581;3.0672;0;4.254349188;1.07801;72.5;1729.888496;143.5807699;6.076242;949.6840838;3917.001124;4.338528
Redgum;RRG_060;Open;0;0;0;11.069;8;41.57680486;0;6.197388995;53.62892693;7.08;7.989;0.581;9.2016;0;24.8622303;0.41538;0;1310.460328;109.6029175;6.438148;1535.726343;2474.819701;4.485975
Redgum;RRG_060;Shrub;0;0;1;11.811;5;10.58282793;0;9.599245415;22.57155904;5.19;7.32;0.581;9.2016;0;24.8622303;0.41538;0;1162.423027;58.96595569;6.263938;3062.483775;1544.406477;3.766433
Redgum;RRG_060;Tree;0;1;0;11.833;6;15.82361045;0;0;62.67908114;5.58;9.385;0.581;9.2016;0;24.8622303;0.41538;0;1235.1898;114.2249442;6.573006;4243.115737;995.2649087;3.982288
Redgum;RRG_062;Grass;1;0;0;6.014;6;0;0;0;63.78808847;4.96;5.15;0.604;30.672;0;51.22968139;0.001978;250;1766.15108;152.772519;6.060596;719.8914478;4854.39808;3.541181
Redgum;RRG_062;Open;0;0;0;2.250;6;2.3591035;0.884831696;14.92096869;48.42436834;5.02;4.286;0.604;30.672;0;51.22968139;0.001978;250;1829.645048;150.8878785;6.113417;1241.565219;3527.550034;4.201148
Redgum;RRG_062;Shrub;0;0;1;24.389;8;21.82942644;0;6.695790615;77.25271449;6.66;6.062;0.604;30.672;0;51.22968139;0.001978;250;1980.8487;99.0579626;6.15547;4600.514198;675.9449932;5.045636
Redgum;RRG_062;Tree;0;1;0;2.000;5;18.14673865;0;2.607649921;59.50411041;6.48;6.393;0.604;30.672;0;51.22968139;0.001978;250;1691.659234;134.9885772;6.162256;3634.587657;1169.451223;4.815275
Redgum;RRG_063;Grass;1;0;0;6.773;11;1.064757596;0;0;45.76023468;4.94;7.993;0.604;0;0;45.20865125;0;40;1900.023783;90.8655892;6.080578;3186.653258;1438.574707;4.714752
Redgum;RRG_063;Open;0;0;0;9.129;9;18.7841421;19.97065939;0;46.39338688;4.8;7.392;0.604;0;0;45.20865125;0;40;1761.043383;108.9629634;6.059983;2934.006073;1598.538585;4.066281
Redgum;RRG_063;Shrub;0;0;1;9.982;14;28.36785326;0;0;55.25749639;6.99;7.3;0.604;0;0;45.20865125;0;40;1344.375993;76.24450962;6.256768;4498.031513;774.8287298;4.396556
Redgum;RRG_063;Tree;0;1;0;7.951;12;27.37445737;0.999128356;8.746103751;87.4354697;5.15;9.407;0.604;0;0;45.20865125;0;40;1432.545198;102.3433154;6.321412;3389.560897;1410.626025;4.250098
Redgum;RRG_065;Grass;1;0;0;3.956;4;57.01496609;0;0;70.09798001;6.77;10.22;0.61500001;5.112;0;19.40889743;0;0;2339.678675;51.27955113;6.227171;4227.469467;581.9515355;4.412335
Redgum;RRG_065;Open;0;0;0;20.750;6;17.78692093;0;8.169829728;92.38247958;6.03;6.225;0.61500001;5.112;0;19.40889743;0;0;1738.059062;73.10826786;6.205243;4186.924419;691.7883898;4.601937
Redgum;RRG_065;Shrub;0;0;1;25.139;10;7.567104585;7.295059519;33.1954771;55.29590011;7.02;7.053;0.61500001;5.112;0;19.40889743;0;0;1538.187361;54.30840619;6.260945;4497.386565;737.0218512;4.796562
Redgum;RRG_065;Tree;0;1;0;4.722;8;15.01672002;1.486315375;36.33650066;76.60854412;5.31;9.403;0.61500001;5.112;0;19.40889743;0;0;1835.930783;91.73352403;6.207408;991.9304364;3867.204795;4.026653
Redgum;RRG_066;Grass;1;0;0;11.464;8;8.209863943;0;2.416596715;46.54140161;6.4;7.919;0.61500001;160.5168;0;5.070720198;0;120;1351.512239;67.29156801;6.501822;1142.964686;3642.128594;4.197461
Redgum;RRG_066;Open;0;0;0;10.583;8;27.28746397;0;31.30492836;106.8858239;7.24;7.613;0.61500001;160.5168;0;5.070720198;0;120;1652.824524;90.86955191;6.059408;342.7047117;6046.058857;2.253608
Redgum;RRG_066;Shrub;0;0;1;28.233;9;6.072901095;0;0;88.88698965;6.63;7.446;0.61500001;160.5168;0;5.070720198;0;120;1642.286606;77.14725984;6.347472;1724.743256;2318.998798;4.546297
Redgum;RRG_066;Tree;0;1;0;13.722;8;17.46975019;0;0;76.16153748;5.58;8.574;0.61500001;160.5168;0;5.070720198;0;120;1522.388631;39.42641516;6.495444;2036.41914;2502.645312;4.648795
Redgum;RRG_075;Grass;1;0;0;20.000;1;8.834280734;0;0;40.64949562;6.12;5.776;0.70699999;0;0;19.17717426;0;0;1511.5354;149.8124652;6.168998;3359.394374;849.0707202;4.089143
Redgum;RRG_075;Open;0;0;0;0.000;0;5.74837241;0;0;28.31420692;6.52;3.881;0.70699999;0;0;19.17717426;0;0;1087.484353;152.0802719;6.156789;3920.011076;536.0325953;4.426199
Redgum;RRG_075;Shrub;0;0;1;0.000;0;50.91109445;0;0;36.11188455;6.04;6.245;0.70699999;0;0;19.17717426;0;0;1580.060632;187.0247653;5.819018;1453.201707;2219.140668;3.828616
Redgum;RRG_075;Tree;0;1;0;0.400;2;43.1937382;0;0;27.78946054;6.77;6.023;0.70699999;0;0;19.17717426;0;0;1515.310883;171.2746169;6.064922;3103.599439;720.6657327;4.086364
Redgum;RRG_076;Grass;1;0;0;5.083;7;0;0;0;45.37874532;5.41;5.46;0.70699999;0;0;17.86188808;0;0;1319.387716;160.4149918;6.297717;1627.117834;2587.544638;4.315255
Redgum;RRG_076;Open;0;0;0;2.833;5;16.87318277;0;0;37.24319745;6.81;2.88;0.70699999;0;0;17.86188808;0;0;1136.769087;118.693121;6.442053;4889.302378;372.5232238;4.455989
Redgum;RRG_076;Shrub;0;0;1;3.333;6;59.43070724;0;0;46.3189721;6.74;4.247;0.70699999;0;0;17.86188808;0;0;1059.861475;93.94856607;6.564488;4246.24846;581.255768;4.717508
Redgum;RRG_076;Tree;0;1;0;1.200;6;0;0;67.8938381;54.48414486;5.36;5.382;0.70699999;0;0;17.86188808;0;0;1372.818803;84.42426463;6.380717;2179.453555;1844.986889;4.281625
Redgum;RRG_146;Grass;1;0;0;7.083;4;13.32481421;0;4.056837349;50.32236541;6.23;6.861;0.72499999;30.672;0;9.362252871;0;300;1226.42143;108.1042033;6.332924;3776.246398;767.6179544;3.928576
Redgum;RRG_146;Open;0;0;0;0.700;4;5.935678894;0;0;34.0955169;6.46;4.82;0.72499999;30.672;0;9.362252871;0;300;1429.882558;98.98448924;6.130671;4735.202757;325.6534963;4.328211
Redgum;RRG_146;Shrub;0;0;1;1.150;3;9.602405519;0;96.02691675;28.61917558;6.9;4.463;0.72499999;30.672;0;9.362252871;0;300;1798.946343;87.34885063;6.122684;4198.755841;155.934609;4.723404
Redgum;RRG_146;Tree;0;1;0;0.700;5;8.204404655;0;6.692900805;41.71382627;7.05;4.715;0.72499999;30.672;0;9.362252871;0;300;1423.914462;82.44347586;6.24343;4214.348934;397.4268567;4.724232
Redgum;RRG_150;Grass;1;0;0;4.225;4;0;0;0;32.92486762;6.9;4.862;0.70699999;34.7616;0;10.23207208;0;135;1679.51752;117.1072702;6.140186;2987.379087;767.6179544;4.529176
Redgum;RRG_150;Open;0;0;0;0.100;4;21.24137929;0;3.008345206;36.95848383;6.59;3.534;0.70699999;34.7616;0;10.23207208;0;135;1762.033335;93.84692084;6.083773;2924.637247;873.3407569;4.52291
Redgum;RRG_150;Shrub;0;0;1;0.100;4;10.15236091;0;0.451022089;29.82461744;4.9;4.743;0.70699999;34.7616;0;10.23207208;0;135;1910.642549;112.8564465;5.969993;2551.957335;659.0501422;4.265317
Redgum;RRG_150;Tree;0;1;0;2.872;3;44.41452533;0;0.350064123;45.67875654;6.47;5.032;0.70699999;34.7616;0;10.23207208;0;135;1332.383578;166.533022;6.089763;3755.591055;517.7118292;4.438507
Redgum;RRG_164;Grass;1;0;0;9.339;11;26.98433649;0;0;101.8551084;5.6;1.8335;0.711;132.912;0;0;0;0;1413.212168;67.50112713;6.596961;4321.148415;941.6992317;4.571799
Redgum;RRG_164;Open;0;0;0;18.861;11;35.33356662;0;11.18057774;73.34724701;5.7;2.091;0.711;132.912;0;0;0;0;1529.463207;66.06268958;6.517374;4453.638554;756.20372;4.759511
Redgum;RRG_164;Shrub;0;0;1;51.250;4;11.05135496;6.730435052;5.284348695;31.5427801;6.42;3.701;0.711;132.912;0;0;0;0;1827.282454;15.11744593;6.480491;3799.329077;875.6158214;4.769715
Redgum;RRG_164;Tree;0;1;0;12.645;10;28.87996739;10.91984686;13.56730751;48.03558804;6.14;2.071;0.711;132.912;0;0;0;0;1195.445751;104.7604634;6.624553;3166.057543;1499.760347;4.865619
Redgum;RRG_165;Grass;1;0;0;7.537;8;18.70472244;0;36.81052479;62.1162678;8.14;7.782;0.707;116.5536;0;1.293338614;0;0;1330.071634;27.16186594;6.561512;6618.323588;255.7661735;4.340996
Redgum;RRG_165;Open;0;0;0;12.050;8;31.54834813;0.939929653;0;62.45242799;7.17;7.029;0.707;116.5536;0;1.293338614;0;0;1739.050765;42.89245135;6.561157;6099.266766;269.0060548;4.52409
Redgum;RRG_165;Shrub;0;0;1;7.817;10;14.25431039;0;0;114.1732172;7.65;12.9;0.707;116.5536;0;1.293338614;0;0;1644.660559;18.34387682;6.442644;6420.326736;236.6067317;3.972813
Redgum;RRG_165;Tree;0;1;0;2.167;6;56.46121996;0;64.90429969;18.09824158;7.85;11.59;0.707;116.5536;0;1.293338614;0;0;1663.087677;15.72146781;6.436939;2917.36074;1751.203366;3.789112
Redgum;RRG_166;Grass;1;0;0;4.633;11;10.85118129;0;0;31.20125877;5.92;4.221;0.774;55.2096;0;2.410312871;0;11;1452.842605;85.92548107;6.534134;4257.535832;479.285088;5.103022
Redgum;RRG_166;Open;0;0;0;4.350;8;0;0;0;45.13022064;7.45;3.925;0.774;55.2096;0;2.410312871;0;11;1795.083102;96.07322925;6.398251;4730.57159;362.7507351;4.477789
Redgum;RRG_166;Shrub;0;0;1;11.800;6;26.68758591;0;18.25975719;59.87717808;7.25;5.683;0.774;55.2096;0;2.410312871;0;11;1758.053809;84.69247942;6.458646;3981.059635;760.9713674;4.578269
Redgum;RRG_166;Tree;0;1;0;4.400;7;35.09652477;0;4.481102196;49.49154835;7.11;4.147;0.774;55.2096;0;2.410312871;0;11;1684.048652;46.88738491;6.398449;4947.979552;501.4308988;4.857151